<?xml version="1.0" encoding="UTF-8"?>
<project-private xmlns="http://www.netbeans.org/ns/project-private/1">
    <editor-bookmarks xmlns="http://www.netbeans.org/ns/editor-bookmarks/2" lastBookmarkId="0"/>
    <open-files xmlns="http://www.netbeans.org/ns/projectui-open-files/2">
        <group>
            <file>file:/Users/Turni/Desktop/Fontys/DPR/Git/dpr/WeatherApplication/src/weatherapplication/Subject.java</file>
            <file>file:/Users/Turni/Desktop/Fontys/DPR/Git/dpr/WeatherApplication/src/weatherapplication/Observer.java</file>
            <file>file:/Users/Turni/Desktop/Fontys/DPR/Git/dpr/WeatherApplication/src/weatherapplication/WeatherObserver.java</file>
            <file>file:/Users/Turni/Desktop/Fontys/DPR/Git/dpr/WeatherApplication/src/weatherapplication/WeatherApplication.java</file>
            <file>file:/Users/Turni/Desktop/Fontys/DPR/Git/dpr/WeatherApplication/src/weatherapplication/FarenheitObserver.java</file>
            <file>file:/Users/Turni/Desktop/Fontys/DPR/Git/dpr/WeatherApplication/src/weatherapplication/ISubject.java</file>
            <file>file:/Users/Turni/Desktop/Fontys/DPR/Git/dpr/WeatherApplication/src/weatherapplication/WeatherObserverPull.java</file>
            <file>file:/Users/Turni/Desktop/Fontys/DPR/Git/dpr/WeatherApplication/src/weatherapplication/HttpConnection.java</file>
            <file>file:/Users/Turni/Desktop/Fontys/DPR/Git/dpr/WeatherApplication/src/weatherFrame.java</file>
        </group>
    </open-files>
</project-private>
